cohort_id	variant_type	annotation	row_type	bin_lower_inclusive	bin_upper_exclusive	total_records	present_records	missing_records	evaluable_rate	value_count	rate_among_present	min_value	max_value	mean_value
PRJNA1138464_20sample	snp	QD	summary	NA	NA	10296980	10296962	18	0.999998	10296962	1.000000	0.01	44.7	23.9869305665
PRJNA1138464_20sample	snp	QD	histogram	-inf	0	10296980	10296962	18	0.999998	0	0.000000	NA	NA	NA
PRJNA1138464_20sample	snp	QD	histogram	0	1	10296980	10296962	18	0.999998	10849	0.001054	NA	NA	NA
PRJNA1138464_20sample	snp	QD	histogram	1	2	10296980	10296962	18	0.999998	57143	0.005550	NA	NA	NA
PRJNA1138464_20sample	snp	QD	histogram	2	3	10296980	10296962	18	0.999998	152334	0.014794	NA	NA	NA
PRJNA1138464_20sample	snp	QD	histogram	3	5	10296980	10296962	18	0.999998	395899	0.038448	NA	NA	NA
PRJNA1138464_20sample	snp	QD	histogram	5	10	10296980	10296962	18	0.999998	1023947	0.099442	NA	NA	NA
PRJNA1138464_20sample	snp	QD	histogram	10	20	10296980	10296962	18	0.999998	1320995	0.128290	NA	NA	NA
PRJNA1138464_20sample	snp	QD	histogram	20	+inf	10296980	10296962	18	0.999998	7335795	0.712423	NA	NA	NA
PRJNA1138464_20sample	snp	QUAL	summary	NA	NA	10296980	10296980	0	1.000000	10296980	1.000000	30	787332.87	531.351248458
PRJNA1138464_20sample	snp	QUAL	histogram	-inf	0	10296980	10296980	0	1.000000	0	0.000000	NA	NA	NA
PRJNA1138464_20sample	snp	QUAL	histogram	0	10	10296980	10296980	0	1.000000	0	0.000000	NA	NA	NA
PRJNA1138464_20sample	snp	QUAL	histogram	10	20	10296980	10296980	0	1.000000	0	0.000000	NA	NA	NA
PRJNA1138464_20sample	snp	QUAL	histogram	20	30	10296980	10296980	0	1.000000	0	0.000000	NA	NA	NA
PRJNA1138464_20sample	snp	QUAL	histogram	30	50	10296980	10296980	0	1.000000	519005	0.050404	NA	NA	NA
PRJNA1138464_20sample	snp	QUAL	histogram	50	100	10296980	10296980	0	1.000000	1426404	0.138526	NA	NA	NA
PRJNA1138464_20sample	snp	QUAL	histogram	100	1000	10296980	10296980	0	1.000000	6965012	0.676413	NA	NA	NA
PRJNA1138464_20sample	snp	QUAL	histogram	1000	+inf	10296980	10296980	0	1.000000	1386559	0.134657	NA	NA	NA
PRJNA1138464_20sample	snp	SOR	summary	NA	NA	10296980	10296980	0	1.000000	10296980	1.000000	0.001	16.649	1.28509843503
PRJNA1138464_20sample	snp	SOR	histogram	-inf	0	10296980	10296980	0	1.000000	0	0.000000	NA	NA	NA
PRJNA1138464_20sample	snp	SOR	histogram	0	1	10296980	10296980	0	1.000000	4541908	0.441091	NA	NA	NA
PRJNA1138464_20sample	snp	SOR	histogram	1	2	10296980	10296980	0	1.000000	4107703	0.398923	NA	NA	NA
PRJNA1138464_20sample	snp	SOR	histogram	2	3	10296980	10296980	0	1.000000	1237179	0.120150	NA	NA	NA
PRJNA1138464_20sample	snp	SOR	histogram	3	4	10296980	10296980	0	1.000000	314525	0.030545	NA	NA	NA
PRJNA1138464_20sample	snp	SOR	histogram	4	5	10296980	10296980	0	1.000000	72096	0.007002	NA	NA	NA
PRJNA1138464_20sample	snp	SOR	histogram	5	10	10296980	10296980	0	1.000000	23540	0.002286	NA	NA	NA
PRJNA1138464_20sample	snp	SOR	histogram	10	+inf	10296980	10296980	0	1.000000	29	0.000003	NA	NA	NA
PRJNA1138464_20sample	snp	FS	summary	NA	NA	10296980	10296980	0	1.000000	10296980	1.000000	0	371.126	1.74505970566
PRJNA1138464_20sample	snp	FS	histogram	-inf	0	10296980	10296980	0	1.000000	0	0.000000	NA	NA	NA
PRJNA1138464_20sample	snp	FS	histogram	0	10	10296980	10296980	0	1.000000	9815060	0.953198	NA	NA	NA
PRJNA1138464_20sample	snp	FS	histogram	10	30	10296980	10296980	0	1.000000	414877	0.040291	NA	NA	NA
PRJNA1138464_20sample	snp	FS	histogram	30	60	10296980	10296980	0	1.000000	56672	0.005504	NA	NA	NA
PRJNA1138464_20sample	snp	FS	histogram	60	100	10296980	10296980	0	1.000000	8846	0.000859	NA	NA	NA
PRJNA1138464_20sample	snp	FS	histogram	100	200	10296980	10296980	0	1.000000	1453	0.000141	NA	NA	NA
PRJNA1138464_20sample	snp	FS	histogram	200	300	10296980	10296980	0	1.000000	60	0.000006	NA	NA	NA
PRJNA1138464_20sample	snp	FS	histogram	300	500	10296980	10296980	0	1.000000	12	0.000001	NA	NA	NA
PRJNA1138464_20sample	snp	FS	histogram	500	+inf	10296980	10296980	0	1.000000	0	0.000000	NA	NA	NA
PRJNA1138464_20sample	snp	MQ	summary	NA	NA	10296980	10296980	0	1.000000	10296980	1.000000	20	60	54.2979642283
PRJNA1138464_20sample	snp	MQ	histogram	-inf	0	10296980	10296980	0	1.000000	0	0.000000	NA	NA	NA
PRJNA1138464_20sample	snp	MQ	histogram	0	20	10296980	10296980	0	1.000000	0	0.000000	NA	NA	NA
PRJNA1138464_20sample	snp	MQ	histogram	20	30	10296980	10296980	0	1.000000	197555	0.019186	NA	NA	NA
PRJNA1138464_20sample	snp	MQ	histogram	30	40	10296980	10296980	0	1.000000	692987	0.067300	NA	NA	NA
PRJNA1138464_20sample	snp	MQ	histogram	40	50	10296980	10296980	0	1.000000	1359305	0.132010	NA	NA	NA
PRJNA1138464_20sample	snp	MQ	histogram	50	60	10296980	10296980	0	1.000000	3375089	0.327775	NA	NA	NA
PRJNA1138464_20sample	snp	MQ	histogram	60	+inf	10296980	10296980	0	1.000000	4672044	0.453730	NA	NA	NA
PRJNA1138464_20sample	snp	MQRankSum	summary	NA	NA	10296980	4168103	6128877	0.404789	4168103	1.000000	-9.679	8.37	-0.816960530006
PRJNA1138464_20sample	snp	MQRankSum	histogram	-inf	-20	10296980	4168103	6128877	0.404789	0	0.000000	NA	NA	NA
PRJNA1138464_20sample	snp	MQRankSum	histogram	-20	-15	10296980	4168103	6128877	0.404789	0	0.000000	NA	NA	NA
PRJNA1138464_20sample	snp	MQRankSum	histogram	-15	-12.5	10296980	4168103	6128877	0.404789	0	0.000000	NA	NA	NA
PRJNA1138464_20sample	snp	MQRankSum	histogram	-12.5	-10	10296980	4168103	6128877	0.404789	0	0.000000	NA	NA	NA
PRJNA1138464_20sample	snp	MQRankSum	histogram	-10	-5	10296980	4168103	6128877	0.404789	612	0.000147	NA	NA	NA
PRJNA1138464_20sample	snp	MQRankSum	histogram	-5	0	10296980	4168103	6128877	0.404789	2568636	0.616260	NA	NA	NA
PRJNA1138464_20sample	snp	MQRankSum	histogram	0	5	10296980	4168103	6128877	0.404789	1598786	0.383576	NA	NA	NA
PRJNA1138464_20sample	snp	MQRankSum	histogram	5	10	10296980	4168103	6128877	0.404789	69	0.000017	NA	NA	NA
PRJNA1138464_20sample	snp	MQRankSum	histogram	10	20	10296980	4168103	6128877	0.404789	0	0.000000	NA	NA	NA
PRJNA1138464_20sample	snp	MQRankSum	histogram	20	+inf	10296980	4168103	6128877	0.404789	0	0.000000	NA	NA	NA
PRJNA1138464_20sample	snp	ReadPosRankSum	summary	NA	NA	10296980	4157393	6139587	0.403749	4157393	1.000000	-10.54	13.58	0.180524103446
PRJNA1138464_20sample	snp	ReadPosRankSum	histogram	-inf	-25	10296980	4157393	6139587	0.403749	0	0.000000	NA	NA	NA
PRJNA1138464_20sample	snp	ReadPosRankSum	histogram	-25	-20	10296980	4157393	6139587	0.403749	0	0.000000	NA	NA	NA
PRJNA1138464_20sample	snp	ReadPosRankSum	histogram	-20	-10	10296980	4157393	6139587	0.403749	1	0.000000	NA	NA	NA
PRJNA1138464_20sample	snp	ReadPosRankSum	histogram	-10	-8	10296980	4157393	6139587	0.403749	5	0.000001	NA	NA	NA
PRJNA1138464_20sample	snp	ReadPosRankSum	histogram	-8	-5	10296980	4157393	6139587	0.403749	34	0.000008	NA	NA	NA
PRJNA1138464_20sample	snp	ReadPosRankSum	histogram	-5	0	10296980	4157393	6139587	0.403749	1522847	0.366299	NA	NA	NA
PRJNA1138464_20sample	snp	ReadPosRankSum	histogram	0	5	10296980	4157393	6139587	0.403749	2634490	0.633688	NA	NA	NA
PRJNA1138464_20sample	snp	ReadPosRankSum	histogram	5	10	10296980	4157393	6139587	0.403749	15	0.000004	NA	NA	NA
PRJNA1138464_20sample	snp	ReadPosRankSum	histogram	10	20	10296980	4157393	6139587	0.403749	1	0.000000	NA	NA	NA
PRJNA1138464_20sample	snp	ReadPosRankSum	histogram	20	+inf	10296980	4157393	6139587	0.403749	0	0.000000	NA	NA	NA
